{
  "id": "",
  "name": "",
  "font_family": "iconfont",
  "css_prefix_text": "icon-",
  "description": "",
  "glyphs": [
    {
      "icon_id": "1304892",
      "name": "右箭头",
      "font_class": "youjiantou",
      "unicode": "e624",
      "unicode_decimal": 58916
    },
    {
      "icon_id": "1969587",
      "name": "网站",
      "font_class": "wangzhan",
      "unicode": "e628",
      "unicode_decimal": 58920
    },
    {
      "icon_id": "3742862",
      "name": "邮箱",
      "font_class": "youxiang",
      "unicode": "e60c",
      "unicode_decimal": 58892
    },
    {
      "icon_id": "6684308",
      "name": "微信",
      "font_class": "weixin",
      "unicode": "e637",
      "unicode_decimal": 58935
    },
    {
      "icon_id": "7127386",
      "name": "搜索",
      "font_class": "sousuo",
      "unicode": "e608",
      "unicode_decimal": 58888
    },
    {
      "icon_id": "7417086",
      "name": "上一首",
      "font_class": "shangyishou",
      "unicode": "e603",
      "unicode_decimal": 58883
    },
    {
      "icon_id": "7417092",
      "name": "下一首",
      "font_class": "xiayishou",
      "unicode": "e602",
      "unicode_decimal": 58882
    },
    {
      "icon_id": "7594155",
      "name": "24gf-play",
      "font_class": "24gf-play",
      "unicode": "ea82",
      "unicode_decimal": 60034
    },
    {
      "icon_id": "8820146",
      "name": "转发",
      "font_class": "zhuanfa",
      "unicode": "e6c9",
      "unicode_decimal": 59081
    },
    {
      "icon_id": "17654824",
      "name": "暂停",
      "font_class": "zanting",
      "unicode": "e638",
      "unicode_decimal": 58936
    },
    {
      "icon_id": "2797666032",
      "name": "合作",
      "font_class": "hezuo",
      "unicode": "fba7",
      "unicode_decimal": 64423
    },
    {
      "icon_id": "26267546",
      "name": "bilibili",
      "font_class": "bilibili",
      "unicode": "e609",
      "unicode_decimal": 58889
    },
    {
      "icon_id": "2797666032",
      "name": "qq",
      "font_class": "qq",
      "unicode": "e60d",
      "unicode_decimal": 58893
    },
    {
      "icon_id": "2797666032",
      "name": "朋友",
      "font_class": "a-bianzu38",
      "unicode": "e644",
      "unicode_decimal": 58948
    }
  ]
}
